{"cameraMode":{"drawMode":0,"name":"Shaded","section":"Shading Mode"},"sceneLighting":false,"audioPlay":false,"sceneViewState":{"m_AlwaysRefresh":false,"showFog":true,"showSkybox":false,"showFlares":true,"showImageEffects":true,"showParticleSystems":true,"showVisualEffectGraphs":true,"m_FxEnabled":true},"in2DMode":false,"pivot":{"x":499.7773132324219,"y":2.175307512283325,"z":499.89056396484377},"rotation":{"x":0.1802808791399002,"y":-0.050455447286367419,"z":0.009260877035558224,"w":0.9822929501533508},"size":1.4252691268920899,"orthographic":false}