{"cameraMode":{"drawMode":0,"name":"Shaded","section":"Shading Mode"},"sceneLighting":true,"audioPlay":false,"sceneViewState":{"m_AlwaysRefresh":false,"showFog":true,"showSkybox":true,"showFlares":true,"showImageEffects":true,"showParticleSystems":true,"showVisualEffectGraphs":true,"m_FxEnabled":true},"in2DMode":false,"pivot":{"x":499.59869384765627,"y":3.1884703636169435,"z":500.41644287109377},"rotation":{"x":-0.26449236273765566,"y":-0.25788822770118716,"z":0.07362772524356842,"w":-0.9263820052146912},"size":0.43101781606674197,"orthographic":false}