{"cameraMode":{"drawMode":0,"name":"Shaded","section":"Shading Mode"},"sceneLighting":false,"audioPlay":false,"sceneViewState":{"m_AlwaysRefresh":false,"showFog":true,"showSkybox":false,"showFlares":true,"showImageEffects":true,"showParticleSystems":true,"showVisualEffectGraphs":true,"m_FxEnabled":true},"in2DMode":false,"pivot":{"x":496.139892578125,"y":-0.13670428097248078,"z":494.22393798828127},"rotation":{"x":0.06590864807367325,"y":-0.04072041064500809,"z":0.002691778354346752,"w":0.9970051646232605},"size":0.7032436728477478,"orthographic":false}